title,text,author,published,tags,source
„Das ist für uns Europäer bitter“,,Steven Jörgensen,1594578090,"Golf,Martin Kaymer",welt
Die Quote bringt’s nicht,"Warum gehen Frauen nicht öfter in die Politik? Vielleicht fürchten viele, dass es ein schmutziges Geschäft sei. Das stimmt - doch Politik ist auch Inszenierung. So könnten Frauen ebenso gut Politikerin werden wie Rockstar oder Schauspielerin. Ganz ohne Quote.

Anzeige

Natürlich wird die CDU auch die Frauenquote verkraften. Genauso wie sie den Atom- und gleichzeitigen Kohleausstieg weggesteckt hat, die Abschaffung der Wehrpflicht, die Ehe für alle und Angela Merkels „Wir schaffen das“. Die Frage ist, was die Quote zu diesem späten Zeitpunkt zusätzlich bringt: der Union, den Frauen, unserer Gesellschaft. Normativ muss die Vorstellung, dass Männer und Frauen gleichberechtigt sind, nicht mehr durchgesetzt werden.

Man wird nur noch sehr wenige Menschen finden, die Frauen ernsthaft die Fähigkeit absprechen, in Wirtschaft, Wissenschaft oder Politik das Gleiche zu leisten wie Männer. Bei Tätigkeiten, die rohe Körperkräfte erfordern, mag es noch Unterschiede geben – aber erstens schreitet die Automatisierung voran, und zweitens werden die jungen Männer durch ständiges Digitalgedaddel auch nicht gerade fitter.

Es bleibt die Beobachtung, dass Frauen in bestimmte Berufszweige nicht eben drängen. Sie gehen zur Bundeswehr, aber nicht in die Kampfverbände. Sie zeigen, trotz aller arbeitsmarktpädagogischen Kampagnen der vergangenen Jahrzehnte, noch immer wenig Interesse am Kraftfahrzeughandwerk. In maschinenbautechnischen Studiengängen dominiert optisch nach wie vor das männliche Karohemd.

Lesen Sie auch Meinung Frauenquote in der CDU Ja, die Quote ist ungerecht. Aber manchmal ist sie das Einzige, was hilft

Anzeige

Das alles lässt sich vielleicht mit dem in Jahrtausenden einverseelten Widerwillen erklären, sich ständig in den Schlamm zu werfen, wenn doch eine wichtige weibliche Lebensaufgabe darin besteht, gut auszusehen (daran hat sich bis heute rein gar nichts geändert). Aber Sozialisation oder Wohlfühlgen: Am Ende entscheiden Frauen sich bei uns weitgehend frei für oder gegen einen Berufsweg.

Interessant ist die Frage, warum sie nicht öfter die Politik wählen. Die SPD bringt es trotz Quote nur auf 30 Prozent Genossinnen. Der CDU gehören trotz Kanzlerin, Parteivorsitzender und EU-Ratspräsidentin nur 25 Prozent Parteifreundinnen an. Es scheint also eine Illusion zu sein, dass das bloße Wissen um das Vorhandensein von Quotenplätzen Frauen anlockt – und Vorbilder tun es offenbar auch nicht automatisch.

Lesen Sie auch Politik und Geschlecht Der traurige Männerhass auf mächtige Frauen

Vielleicht glauben Frauen mehrheitlich, was oft unterstellt wird: dass Politik ein schmutziges Geschäft sei. Das ist natürlich nicht immer falsch. Doch Politik ist zu einem ganz erheblichen Anteil auch Performanz, Auftritt, Wirkung, Inszenierung, Rhetorik. Gut gemachte Politik ist Kunst. Und vor diesem Hintergrund könnten Frauen ebenso gut Politikerin werden wie Rockstar oder Schauspielerin. Ganz ohne Quote.",Susanne Gaschke,1594577431,"Kommentare,Frauen und Politik",welt
"Unverschämt, junge Ärzte in dieses Dilemma zu stürzen",,Kaja Klapsa,1594576352,"Kommentare,Abtreibung",welt
Mode für den Müllhaufen,,Claudia Wanner,1594575436,"Wirtschaft,„Fast Fashion“-Industrie",welt
Wird dann wirklich die kleine CSU die große CDU dominieren?,"Es werden Bilder mit Symbolcharakter: zwei Männer im Matsch, in Gummistiefeln. Wenn CSU-Chef Markus Söder am 14. August zum schleswig-holsteinischen Ministerpräsidenten Daniel Günther (CDU) für eine Wattwanderung anreist, darf spekuliert werden. Will Söder damit die Nordlichter umgarnen, also die Wähler, die angeblich besonders mit einem Bayern als möglichem Kanzler fremdeln? Will er klarmachen, dass die CSU im Zweifel diesmal zur CDU kommt, die kleine Schwester zur großen? Es also nicht wie 2002 läuft, als Angela Merkel zu Edmund Stoiber nach Wolfratshausen pilgern musste, um sich die Kanzlerkandidatur abnehmen zu lassen?

Antworten wird es erst in Monaten geben. Dennoch entfaltet der Aspekt, der mit dem Rollenverständnis der Unionsparteien für den Fall eines CSU-Kanzlerkandidaten zu tun hat, jetzt schon Sprengkraft.",Thomas Vitzthum,1594574313,"Deutschland,Markus Söder als Kanzler",welt
Der Nationalismus in der muslimischen Welt kehrt zurück - gut so!,"Jahrzehnte bestimmte der politische Islam die Agenda. Nun ist der Nationalismus auf dem Vormarsch. Die Europäer sollten die neue Entwicklung in der muslimischen Welt fördern – selbst dort, wo sie demokratische Defizite aufweist.

Anzeige

Dass Bundespräsident Frank-Walter Steinmeier Ende Februar den Sudan besuchte, war ein wichtiges Zeichen. Denn Afrikas drittgrößter Staat – zwischen Ägypten und Libyen im Norden, Äthiopien, Südsudan und der Zentralafrikanischen Republik im Süden – steht wie kein zweiter für eine Tendenz, die zurzeit die muslimische Welt gründlich umgestaltet. Nach Jahrzehnten, in denen der politische Islam die Agenda bestimmte, kehrt der Nationalismus zurück. Gut so.

In den 1960er- und 1970er-Jahren beschworen autoritäre Herrscher wie der Schah von Persien, Ägyptens Gamal Abdel Nasser, die Baathisten in Syrien und Irak und die in der PLO zusammengeschlossenen palästinensischen Terrororganisationen den Nationalismus. Ihr Vorbild war der Gründer der modernen Türkei, Kemal Atatürk. Doch ihre Korruption, ihr Versagen bei der Modernisierung ihrer Gesellschaften und – bei den Arabern – im Krieg gegen Israel, führten überall zu einer Rückbesinnung auf den Islam als Heilsideologie.

Lesen Sie auch Auswärtiges Amt Wie Deutschland militante Feinde Israels unterstützte

Beginnend mit der iranischen Revolution 1978/79 strebte der von Nationalisten oft brutal unterdrückte politische Islam an die Macht. Selbst in der Heimat des Kemalismus konnte 2002 mit der AKP eine islamistische Partei – zunächst legal – die Macht an sich reißen. In Ägypten gewannen die Muslimbrüder 2012 die ersten freien Wahlen nach dem „arabischen Frühling“ und machten sich daran, aus der ältesten Nation der Welt eine Theokratie zu machen.

Anzeige

Zuvor hatte deren Ableger im Gazastreifen – die Hamas – nach ihrem Wahlsieg 2006 eine islamistische Diktatur errichtet. Auch im Sudan gelangte mit Omar al-Baschir ein Mann an die Macht, der mit seiner Wandlung vom panarabischen Nationalisten zum Vertreter eines islamischen Fundamentalismus die Wandlung der arabisch-muslimischen Welt geradezu verkörperte.

Der Islamische Staat war die beste Propaganda gegen den Islamismus

Im Irak wie im Libanon wird hinter einer semidemokratischen Kulisse der politische Apparat von Politikern beherrscht, die einer Version des politischen Islam – schiitisch oder sunnitisch – anhängen. Dabei bilden schiitische Organisationen wie Hisbollah im Libanon oder die Huthi-Rebellen im Jemen eine Art Internationale mit Teheran als Zentrum, während die sunnitischen Muslimbrüder und ihre Verbündeten ebenfalls ein übernationales Netzwerk bilden, das von Kairo über Ankara nach Europa reicht. Zeitweise glaubte Recep Tayyip Erdogan, sich als Führer dieser Internationalen aufspielen zu können. Mit dem Islamischen Staat schließlich und der Ausrufung eines neuen Kalifats brachte sich der Islamismus auf den antinationalen und terroristischen Begriff.

Der schnelle Zusammenbruch des Islamischen Staates, bei dessen Bekämpfung Iraner und Amerikaner stillschweigend zusammenarbeiteten, zeigte allerdings: Der radikale Islamismus konnte nur obsiegen, wo – wie in Syrien und in Teilen des Irak – die nationalstaatlichen Strukturen schwach oder zerstört waren. Sein Sieg bedeutete überall Terror – gegen Christen, Jesiden, vor allem aber andere gegen Muslime. Eine bessere Propaganda gegen den Islamismus hätte selbst der geschickteste westliche Experte für psychologische Kriegsführung nicht erfinden können.

Prozess gegen IS-Kämpferin hat begonnen In Deutschland beginnt einer der größten Prozesse gegen eine IS-Kämpferin. Ihr wird Mitgliedschaft in der Terrororganisation Islamischer Staat vorgeworfen. Quelle: WELT/ Erdmann Hummel

Anzeige





Und auch die traditionelleren Vertreter des Islamismus verspielten schnell die anfänglichen Sympathien des Volkes. Die Hamas, die ihren Wahlsieg der offenkundigen Korruption der rivalisierenden Fatah verdankte, hat sich als mindestens genauso korrupt und inkompetent erwiesen. Trotz der großzügigen Unterstützung durch die Vereinten Nationen und der ständigen Versuche der Hamas, die Bewohner des Gazastreifens gegen „die Juden“ zu mobilisieren, gab es 2019 Massendemonstrationen gegen das Regime.

Der Versuch des Muslimbruders Mohammed Mursi, Ägypten ein islamistisches Regime aufzuzwingen, führte schnell zu Massenprotesten und einem populären Putsch des Militärs. Im Iran gab es seit 2009 immer wieder Proteste gegen die unfähige, korrupte und außenpolitisch abenteuerliche Theokratie, die letztes Jahr für das Regime bedrohliche Züge annahm. In Irak und dem Libanon demonstrierten gleichzeitig Hunderttausende gegen das religiös-politische Kartell und für nationale Regierungen, die sich durch Kompetenz auszeichnen. In Istanbul und anderen Großstädten verlor Erdogans AKP. Und im Sudan fegte eine demokratisch-patriotische Revolution Omar al-Baschir aus dem Amt.

Eine weltliche Autokratie kann man besser liberalisieren

Anzeige

Der Niedergang des Islamismus – auch Erdogan geriert sich zunehmend wie ein nationaltürkischer Autokrat herkömmlicher Prägung – ist eine gute Nachricht. Wer seine Legitimität von Gott ableitet, ist selten zu realpolitischen Konzessionen bereit; die Trennung von Religion und Politik ist die Voraussetzung eines demokratischen Fortschritts in der Region wie überall in der Welt.

Nationalistische Regimes mögen oft nicht weniger autokratisch sein als religiöse – man denke etwa an Abdel Fattah al-Sisi in Ägypten; aber es ist leichter, eine weltliche Autokratie zu liberalisieren als eine religiöse. Wer das Wohl der Nation an die erste Stelle zu setzen vorgibt, muss sich daran auch messen lassen; anders sah und sieht es aus bei jenen, die sich etwa auf den Koran berufen.

Es ist bezeichnend, dass immer mehr Blogger und Influencer in der arabischen Welt Israel als Vorbild statt als Feind entdecken. Der in Syrien geborene Fernsehjournalist Faisal al-Qassem etwa, der für den Sender al-Dschasira arbeitet, nannte kürzlich den Zionismus „das erfolgreichste Projekt des 20. Jahrhunderts und der Gegenwart“. Als er angegriffen wurde, forderte al-Qassem seine Twitter-Follower auf, darüber abzustimmen, wer „fortschrittlicher, höher entwickelt, demokratischer und erfolgreicher“ sei, Israel oder die arabischen Regimes. 81,7 Prozent wählten Israel.

Es mag für Europäer, Deutsche zumal, schwer sein, im Nationalismus etwas Positives zu erkennen. Viele glauben, den Nationalismus überwunden zu haben und aufgrund der europäischen Geschichte überwinden zu müssen. Jedoch ist ein inklusiver Nationalismus, wie ihn die Revolutionäre im Sudan und die Protestierenden von Teheran über Bagdad bis Gaza, Beirut und Istanbul fordern, ein Fortschritt gegenüber der Internationalen der religiösen Intoleranz; so wie der Nationalismus der Polen oder Ungarn ein Fortschritt war gegenüber der kommunistischen Internationalen der Repression.

Die Loyalität gegenüber der Nation ist im Vergleich zur Bindung an die Religion, den Clan oder die Ethnie ein historischer Fortschritt. Europa sollte ohne Wenn und Aber den neuen Nationalismus in der muslimischen Welt fördern, selbst dort, wo er große demokratische Defizite aufweist. Und übrigens lernen, mit dem Nationalismus seiner eigenen Mitglieder zu leben, ja einen inklusiven Nationalismus zu fördern, sodass auch wir – neben dem Zionismus – als Vorbild in unserer muslimischen Nachbarschaft dienen können.",Alan Posener,1594574256,"Kommentare,Im Namen der Nation",welt
Und jetzt will Tönnies Hilfe vom Staat - was besagt das Recht?,"Tönnies steht nach der Aufhebung des Gütersloher Lockdowns weiter still. Wegen der Umsatzeinbußen fordert der Schlachtbetrieb nun staatliche Hilfen. Trotz großer Kritik an dem Vorhaben stehen die Chancen für Tönnies nicht schlecht.

Anzeige

Eigentlich hatte die Rückkehr zum Schlachtbetrieb im Mittelpunkt der unternehmerischen Bemühungen des Fleischfabrikanten Tönnies in Nordrhein-Westfalen gestanden. Doch nun sorgt das Unternehmen mit etwas anderem für Aufmerksamkeit und parteiübergreifende Empörung: Der Konzern sowie Subunternehmer haben nach Angaben des Landschaftsverbandes Westfalen-Lippe Anträge auf Lohnkostenerstattung gestellt.

Nach dem Infektionsschutzgesetz sind solche Anträge möglich, wenn eine Quarantäne oder ein Tätigkeitsverbot angeordnet wurde. In Nordrhein-Westfalen sind je nach Unternehmenssitz die beiden Landschaftsverbände Westfalen-Lippe (LWL) und Rheinland (LVR) im Auftrag des Landes für die Bearbeitung solcher Anträge und Entschädigungen zuständig. Um die Anträge von Tönnies kümmert sich der LWL in Münster. Über diese sei noch nicht entschieden, hieß es dort am Freitag.

Lesen Sie auch Corona-Ausbruch im Schlachthof „Wir können nie im Leben 1,5 Meter Abstand halten“

Die Reaktionen aus den Parteien und ihren Bundestagsfraktionen sind eindeutig. „Ich habe dafür wenig Verständnis. Der Ärger der Bürger darüber wird durch das jetzige Vorgehen sicherlich nicht kleiner werden“, sagte Bundeslandwirtschaftsministerin Julia Klöckner (CDU) der „Bild am Sonntag“. Vertreter von Union, SPD, Grünen, FDP, AfD und Linken kritisierten auf WELT-Anfrage das Vorgehen. Unions-Fraktionsvize Georg Nüßlein (CSU) warnte mit Blick auf Tönnies, man müsse sich sehr genau überlegen, ob man einen solchen Anspruch durchsetzen wolle.

Anzeige

„Das wäre das i-Tüpfelchen einer Entwicklung, die in eine klare Verschärfung der Rechtslage münden wird“, sagte Nüßlein. Er sprach sich für eine Regionalisierung und Verkleinerung von Schlachtbetrieben aus, was als Absage an die bisher dominierende Stellung von Tönnies in der Schlachtindustrie zu verstehen ist.

SPD-Fraktionsvize Katja Mast forderte, das Unternehmen solle die Anträge sofort zurückziehen; die Fleischindustrie müsse Verantwortung übernehmen und dürfe Kosten nicht auf der Allgemeinheit abladen. Ihr Parteifreund Ralf Stegner twitterte: „Das ist ein schlechter Scherz. Kost und Logis auf Staatskosten – das könnte was werden, wenn man ihn zur Verantwortung zöge für die Ausbeutungsverhältnisse in seinem Fleischimperium.“

Lesen Sie auch „Ich mach mein Ding“ Das System Tönnies

„Wer auf ein System der Ausbeutung setzt, die Gesundheit von Menschen riskiert und selbst in der Mitverantwortung für angeordnete Quarantänemaßnahmen steht, sollte sich mit dem Ausreizen von möglichen Erstattungsansprüchen besser zurückhalten“, erklärte Grünen-Fraktionschef Anton Hofreiter. Es sei „dreist, wie Tönnies abkassieren will“.

Anzeige

FDP-Fraktionsvize Michael Theurer hielte eine Entschädigung zumindest für „moralisch sehr fragwürdig“, wenn ein Unternehmen wie Tönnies durch „die unwürdigen Wohn- und Arbeitsbedingungen der Mitarbeiter offenbar selbst einer Pandemie Vorschub leistet und damit der ganzen Region massiven Schaden zufügt“.

Lesen Sie auch Deutsche und ihr Billigfleisch „Der beharrliche Fleischkonsument ist der männliche Proll“

Der AfD-Bundestagsabgeordnete Jürgen Pohl erklärte: „Nicht jede Geltendmachung eines formal bestehenden Anspruchs ist anständig“, insbesondere wenn man die vermeintliche Bedürftigkeit selbst verursacht habe. Die Linken-Abgeordnete Jutta Krellmann, sprach sich dafür aus, dass die Beschäftigten für den Verdienstausfall voll entschädigt werden müssten und Tönnies für den entstandenen Schaden aufkommen müsse.

Nordrhein-Westfalens Gesundheitsminister Karl-Josef Laumann (CDU) warnte, er würde sich anstelle von Herrn Tönnies und seinen Geschäftspartnern sehr genau überlegen, was man den Bürgern „eigentlich noch alles zumuten will“. Es scheint ohnehin fraglich, ob Tönnies und die Subunternehmen mit ihren Anträgen auf Lohnkostenerstattung Erfolg haben werden. Aus allgemeinen Erläuterungen geht hervor, dass es bei angeordneten Betriebsschließungen kein Anrecht auf eine Entschädigung gibt.

Fleischunternehmer Clemens Tönnies hat bei der Politik alle Sympathien verspielt

Anzeige

Noch bis zum kommenden Freitag gilt die vom Kreis am 17. Juni angeordnete Betriebsschließung. In den nächsten Tagen soll sich entscheiden, wann der Fleischkonzern Tönnies an seinem Stammsitz in Rheda-Wiedenbrück wieder Schweine schlachten und zerlegen darf. Nach einem dramatischen Corona-Infektionsausbruch mussten auch die beiden Landkreise Gütersloh und Warendorf, in denen die Beschäftigten wohnen, in einen erneuten Lockdown.

Lesen Sie auch Fall Tönnies Der Preis des Fleisches – was bessere Arbeitsbedingungen die Kunden kosten

Der stark unter Druck geratene Konzern hatte grundlegende Veränderungen angekündigt und ein neues Hygienekonzept vorgelegt, dessen Prüfung durch die zuständigen Behörden noch nicht abgeschlossen ist. In der vergangenen Woche durften mit städtischer Genehmigung zumindest die ersten Tönnies-Beschäftigten von Verwaltung, Logistik, technischen Diensten und Kindertagesstätte zurückkehren. Die Techniker seien „essenziell wichtig zur Ausführung der vorbereitenden Maßnahmen“, erklärte die Stadt. Neben der Montage von Schutzelementen in den Kantinen- und Produktionsbereichen geht es auch um die Installation einer neuen Lüftungsanlage.",Kristian Frigelj,1594573590,"Deutschland,„Dreist“, „unanständig“",welt
Totalschaden für Vettel und Ferrari - „Das schlimmste Ende für uns“,"Lewis Hamilton gewinnt den Großen Preis der Steiermark vor Teamkollege Valtteri Bottas. Für Ferrari wird das Rennen in Österreich nach zwei Ausfällen im Team zum absoluten Fiasko.

Anzeige

Es konnte doch eigentlich nicht schlimmer kommen. Für Sebastian Vettel. Für Ferrari. Dachte man zumindest, und das hoffte auch der viermalige Weltmeister. Doch das neuerliche Desaster beim zweiten Saisonrennen in Spielberg (Österreich) ließ nicht lange auf sich warten: Nur Sekunden nach Rennstart kollidierte Vettel in Kurve drei mit Teamkollege Charles Leclerc. Der hatte eine Lücke gesehen, wo keine war, und fuhr dem Deutschen seitlich in den Wagen. Vettel musste an die Box: Heckflügel hinüber, Rennen vorbei, Frust ins Unendliche gestiegen.

Für Ferrari kam es kurz danach noch übler: Leclerc konnte das Rennen nach einem Boxenstopp zwar mit einer neuen Front fortsetzen, musste seinen Wagen dann aber ebenfalls abstellen. „Es tut weh, wenn beide Fahrer so früh ausscheiden. Das schlimmste Ende eines schwierigen Wochenendes“, sagte Ferrari-Teamchef Mattia Binotto.

Da war es vorbei für Sebastian Vettel. Nach einem Crash mit seinem Teamkollegen kehrt in die Boxengasse zurück Quelle: pa/DPPI media/FLORENT GOODEN

Wenn der Saisonauftakt vor einer Woche mit Platz zehn für Vettel also ein Debakel war, so war das zweite Rennen an selber Stelle jetzt ein Totalschaden, für ihn und für das gesamte Team. Mehr noch – die Tage davor hatten schon gezeigt: Ferrari fährt hoffnungslos hinterher. Dazu die, gelinde gesagt, atmosphärischen Störungen zwischen Vettel und seinem baldigen Ex-Arbeitgeber – trübe Aussichten für den Rest der Saison.

„Es tut mir wirklich sehr leid“

Anzeige

Den zweiten Grand Prix nach der Corona-Zwangspause gewann übrigens Weltmeister Lewis Hamilton im Mercedes. Der Brite hatte sich am Vortag in beeindruckender Manier die Poleposition gesichert und bestätigte seine Leistung am Renntag: Nach Platz vier vor einer Woche holte er nun überlegen seinen ersten Saisonsieg. Teamkollege und Auftaktgewinner Valtteri Bottas, nach Bremsproblemen als Vierter ins Rennen gegangen, wurde Zweiter. Max Verstappen im Red Bull kam auf Rang drei.

Lesen Sie auch Formel 2 Bei Tempo 200 geht Mick Schumachers Feuerlöscher los

Vettel, der von Ferarri zum Jahresende ausgemustert wird, konnte nur zuschauen. Das Aus nach nicht einmal einer Runde war auch für ihn, der zuletzt etliche Rückschläge einstecken musste, mehr als nur eine weitere Niederlage. Wie es zu der Kollision kam, die am Ende für beide Ferrari-Piloten das vorzeitige Aus bedeutete, noch bevor das Rennen richtig losging? Vettel sah es so: „Ich hatte keinen Platz, woanders hinzufahren, hatte mich aus allem herausgehalten. Drei Autos in der Ecke gehen nicht, ich weiß nicht, wo Charles da eine Lücke gesehen hat, aber es ist nicht gutgegangen“, sagt er bei RTL.

Die Formel-1-Piloten setzten auch vor dem Start des zweiten Grand Prix der Saison in Österreich ein Zeichen gegen Rassismus Quelle: Getty Images/Mark Thompson

Leclerc versuchte auch gar nicht erst, sich herauszureden. Zerknirscht sagte er: „Es ist ganz einfach zu erklären. Es war mein Fehler, Seb hat da überhaupt keinen Fehler gemacht. Es tut mir wirklich sehr leid, aber dass es leidtut, reicht nicht aus in diesen Zeiten.“ Der 22 Jahre alte Monegasse versuchte sein Manöver zu erklären. „Ich bin ins Risiko gegangen, weil ich wusste, dass in der ersten Runde schon etwas Besonderes passieren müsste, um ein gutes Ergebnis zu erzielen“, sagte er, „aber das ist keine Entschuldigung. Jetzt sind beide Autos draußen, und ich habe Schuld.“ Leclerc ging mit sich selbst hart ins Gericht. Er habe nicht den Job gemacht, den er hätte machen müssen: „Ich habe meine Chancen ruiniert, die von Seb und des ganzen Teams.“

Ferrari-Teamchef Binotto verärgert

Anzeige

Gewiss, als allzu groß hätte wohl kaum jemand die Chancen Ferraris auf ein gutes Abschneiden beim zweiten Rennen in Österreich eingestuft, aber es galt das Prinzip Hoffnung. Neuer Frontflügel, neuer Unterboden – mit einem vorgezogenen Upgrade-Paket sollte einiges besser werden. In der Regen-Qualifikation hatte es allerdings für Vettel schon nur zu Rang zehn gereicht.

Lesen Sie auch Alonso-Rückkehr Die seltene Stillosigkeit des Renault-Chefs

Vielleicht läuft es im Trockenen ja etwas besser, war der Zweckoptimismus, an den man sich im Team festkrallte, obgleich die Stimmung bereits im Keller war. Der Rennstall sei nicht „wettbewerbsfähig“, polterte Teamchef Binotto Samstagabend. Auch die Upgrades hätten nicht funktioniert. Das sei „nicht gut genug für ein Team, das auf den Namen Ferrari hört“. Schwer vorzustellen, dass Ferrari am Sonntag ein völlig anderes Bild gezeigt hätte, wären die Autos ins Ziel gekommen. Aber zumindest hätte man neue Erkenntnisse gewonnen. Und so sagte Vettel: „Es ist extrem bitter, weil ich gerne gefahren wäre und gewusst hätte, wie gut unsere Upgrades heute funktionieren.“

Bis zum Rennen in Ungarn bleibt nicht viel Zeit, um die Situation in den Griff zu bekommen – gerade mal eine Woche.",'Lennart Wermke',1594573356,"Formel 1,Spielberg",welt
Dieser Juwelier will mit Corona Kasse machen,,,1594571929,"Panorama,Schutzmaske aus Diamanten",welt
Zeit für einen Wandel in der Asylpolitik,"In einer Umfrage von Infratest-Dimap im Auftrag der WELT AM SONNTAG forderte die Mehrheit, unerlaubte Einreisen von Asylsuchenden künftig zu beenden. Dafür sollten mehr Flüchtlinge aus Krisenregionen eingeflogen werden.

Anzeige

Deutschland hat sich in den vergangenen Jahren großzügig gezeigt, wenn es darum ging, Flüchtlingen zu helfen. Seit dem Herbst 2015 nahm die Bundesrepublik 40 Prozent aller Flüchtlinge in der Europäischen Union auf, obwohl sie nur 16 Prozent der EU-Bevölkerung stellt.

Wenn über den Umgang mit einzelnen Schiffen im Mittelmeer entschieden werden musste, gehörte Deutschland immer zu jenen Staaten, die sich an einer pragmatischen Lösung beteiligten, während sich andere wegduckten. Es kann also keine Rede davon sein, dass wir uns generell gegen Flüchtlinge „abschotten“. Und man sollte an diese Zahlen auch deshalb erinnern, weil zuletzt der Eindruck entstand, hierzulande lauere der Rassismus an jeder Ecke.

Dabei geht es nicht nur um Barmherzigkeit. Deutschland kann den Zuzug gerade von jüngeren Menschen gut gebrauchen. Welche Talente man unter Flüchtlingen findet, darüber war in den Tagen der Zeugnisvergaben viel zu lesen. Es gibt bemerkenswerte Erfolgsgeschichten von Mädchen und Jungen, die einst ohne Sprachkenntnisse hier ankamen und jetzt glänzende Abiturnoten erreichten.

Lesen Sie auch Ausreisepflichtige Das Problem mit der „Duldung light“

Anzeige

Richtig ist aber auch, dass sich eine Mehrheit der Flüchtlinge schwertut mit der Integration in den deutschen Arbeitsmarkt. So leben etwa drei Viertel der Syrer im erwerbsfähigen Alter ganz oder teilweise von Hartz IV. Das dürfte die öffentlichen Haushalte noch auf Jahre belasten.

Umso mehr erstaunt das Ergebnis einer repräsentativen Umfrage der WELT AM SONNTAG. Selbst in Zeiten der Corona-Pandemie, in denen vielen Menschen ihr eigenes Schicksal und das ihrer Angehörigen und Freunde verständlicherweise am nächsten ist, sagen 60 Prozent der Befragten, dass Deutschland weiterhin besonders bedrohte und hilfsbedürftige Menschen aufnehmen sollte – und zwar am besten direkt aus den betroffenen Regionen.

Im Gegenzug sollten die EU-Außengrenzen noch besser geschützt werden. Denn über sie, besonders über das Mittelmeer, kommen ja gerade nicht die schwächsten der Schwachen, sondern meist junge Männer auf der Suche nach einem besseren Leben, die zu Hause das nötige Geld für die riskante Reise und die Schleuser einsammeln konnten.

Lesen Sie auch Bootsmigranten im Mittelmeer NGO-Schiffe geortet – „Konzertierte Abfahrten aus Libyen festgestellt“

Anzeige

Dass die meisten von ihnen keinen Anspruch auf Asyl haben und dann doch im Lande bleiben, führt zu einem großen Unbehagen in der Bevölkerung.

Wem an einer breiten Akzeptanz für die Asylpolitik gelegen ist, muss alles daransetzen, illegale Einreisen zu verhindern und den wirklich Verfolgten und Bedrohten zu helfen. Eine Mehrheit der Deutschen würde diesen Paradigmenwechsel unterstützen.",Rainer Haubrich,1594571894,"Kommentare,Asylpolitik",welt
Fahranfänger verursachen jeden sechsten Unfall mit Personenschaden,,,1594571626,"Panorama,Straßenverkehr",welt
Der Feldhamster kann weg,,Hans Zippert,1594571404,Zippert zappt,welt
Reproduktionszahl in Deutschland bleibt unter kritischem Wert,"Der britische Gesundheitsminister Matt Hancock hat für London die zweithöchste Corona-Warnstufe ausgerufen. Das RKI meldet mit 6638 so viele Neuinfektionen an einem Tag wie noch nie seit Ausbruch der Coronavirus-Pandemie in Deutschland. Ein Überblick in Grafiken und Zahlen.

Anzeige

Die Zahl der binnen eines Tages mit dem Coronavirus neu infizierten Menschen in Deutschland ist erneut sprunghaft gestiegen und hat damit einen Rekordwert erreicht. Die Gesundheitsämter meldeten nach Angaben des Robert-Koch-Instituts vom Donnerstagmorgen 6638 Neuinfektionen – rund 1500 mehr als am Mittwoch. Da waren noch 5132 neue Fälle gemeldet worden. Bislang waren Ende März mit knapp 6300 Neuinfizierten die meisten registriert worden. Allerdings sind die jetzigen Werte nicht mit denen aus dem Frühjahr vergleichbar, weil mittlerweile wesentlich mehr getestet wird – und deshalb auch mehr Infektionen entdeckt werden.

Am Mittwoch vergangener Woche hatten die Gesundheitsämter dem RKI 4059 Neuinfektionen mitgeteilt. Damit war zum ersten Mal seit April die 4000er-Marke überschritten worden.

Bei den intensivmedizinisch behandelten Covid-19-Patienten zeichnet sich ein deutlicher Anstieg ab. Laut RKI-Lagebericht wurden am Donnerstag 655 Corona-Infizierte intensivmedizinisch behandelt, 329 davon wurden beatmet. Eine Woche zuvor (8.10.) hatte der Wert noch bei 487 (239 beatmet) gelegen, in der Woche davor (1.10.) bei 362 (193 beatmet). Rund 8700 Intensivbetten sind in Deutschland derzeit jedoch noch frei.

Anzeige

Die Zahl der Corona-Tests schwankt seit Mitte August zwischen rund 1,1 Millionen und 1,2 Millionen pro Woche. Die Rate der positiven Tests ist nach RKI-Angaben vom Mittwochabend jedoch deutlich gestiegen: von 0,74 Prozent Ende August auf 2,48 Prozent in der Woche vom 5. bis 11. Oktober.

An dieser Stelle finden Sie Inhalte von Drittanbietern Um mit Inhalten von Drittanbietern zu interagieren oder diese darzustellen, brauchen wir Ihre Zustimmung. Externe Inhalte aktivieren

In mehreren Labors gebe es einen Rückstau, einige gaben laut RKI Lieferschwierigkeiten für Reagenzien an. „Das RKI erreichen in den letzten Wochen zunehmend Berichte von Laboren, die sich stark an den Grenzen ihrer Auslastung befinden“, schreibt das Institut im Lagebericht vom Mittwoch. Der zusätzliche Testbedarf durch Urlauber nach Einführung des Beherbergungsverbots mit der Option zu einer „Freitestung“ habe die Situation weiter verschärft.

Seit Beginn der Corona-Krise haben sich nach RKI-Angaben mindestens 341.223 Menschen in Deutschland nachweislich mit dem Virus Sars-CoV-2 infiziert (Datenstand 15.10., 0 Uhr). Die Zahl der Todesfälle im Zusammenhang mit einer Corona-Infektion lag demnach bei 9710. Das waren 33 mehr als am Vortag. Nach Schätzungen des RKI gibt es etwa 284.600 Genesene.

An dieser Stelle finden Sie Inhalte von Drittanbietern Um mit Inhalten von Drittanbietern zu interagieren oder diese darzustellen, brauchen wir Ihre Zustimmung. Externe Inhalte aktivieren

Anzeige

Die Reproduktionszahl, kurz R-Wert, lag nach RKI-Schätzungen in Deutschland laut Lagebericht vom Donnerstag bei 1,08 (Vortag: 1,04). Das bedeutet, dass ein Infizierter im Mittel etwa einen weiteren Menschen ansteckt. Der R-Wert bildet jeweils das Infektionsgeschehen etwa eineinhalb Wochen zuvor ab.

Zudem gibt das RKI in seinem aktuellen Lagebericht ein sogenanntes Sieben-Tage-R an. Der Wert bezieht sich auf einen längeren Zeitraum und unterliegt daher weniger tagesaktuellen Schwankungen. Nach RKI-Schätzungen lag dieser Wert bei 1,22 (Vortag: 1,16). Er zeigt das Infektionsgeschehen von vor 8 bis 16 Tagen.

An dieser Stelle finden Sie Inhalte von Drittanbietern Um mit Inhalten von Drittanbietern zu interagieren oder diese darzustellen, brauchen wir Ihre Zustimmung. Externe Inhalte aktivieren

Weltweit gibt es laut der Johns-Hopkins-Universität mindestens 38.510.263 mit Covid-19 infizierte Personen (Stand 15.10., 8 Uhr). Davon sind 1.092.144 Menschen am Virus gestorben.

Anzeige

In Israel haben sich seit dem Ausbruch der Pandemie mehr als 300.000 Menschen mit dem Coronavirus angesteckt. Nach Angaben des Gesundheitsministeriums wurden am Donnerstagabend 300.201 Infektionen registriert. Mehr als 200.000 Fälle waren in dem Land am 23. September und mehr als 100.000 Fälle am 21. August ausgewiesen worden. Israel hat rund neun Millionen Einwohner. In Deutschland, das etwa neunmal so viele Einwohner hat, wurden zuletzt insgesamt 341.223 Infektionen registriert.

Die Pandemie verlief in Israel zunächst glimpflich, auch wegen eines strikten Kurses der Regierung. Nach Lockerungen und einer massiven Zunahme der Fallzahlen im Laufe des Sommers gilt seit dem 18. September und mindestens bis Sonntag ein zweiter landesweiter Lockdown mit strikten Regeln wie Ausgangsbeschränkungen. Zuletzt zeichnete sich ab, dass die Zahl der Neuinfektionen abnimmt.

In Israel starben bislang 2127 Menschen in Verbindung mit einer Corona-Infektion, in Deutschland 9710.

An dieser Stelle finden Sie Inhalte von Drittanbietern Um mit Inhalten von Drittanbietern zu interagieren oder diese darzustellen, brauchen wir Ihre Zustimmung. Externe Inhalte aktivieren

In Großbritannien mit 66,6 Millionen Einwohnern haben sich innerhalb von 24 Stunden nachweislich knapp 20.000 Menschen mit dem Coronavirus angesteckt. Das entspricht einem Anstieg von etwa 2500 im Vergleich zum Vortag. 137 Menschen sind an einer Covid-19-Erkrankung gestorben, wie die Gesundheitsbehörden am Mittwoch mitteilten. Besonders stark betroffen von der Pandemie sind der Norden Englands, Nordirland, Schottland und Teile von Wales. Die tatsächliche Zahl der Neuinfektionen dürfte aber noch höher liegen, da nicht genügend Tests zur Verfügung stehen. Der britische Gesundheitsminister Matt Hancock rief für London die zweithöchste Corona-Warnstufe aus. Er begründete dies am Donnerstag im Unterhaus mit rasch steigenden Infektionsraten in der Hauptstadt. Schnelles Handeln sei erforderlich, um das Virus unter Kontrolle zu bekommen, sagte er.

Angesichts rapide steigender Infektionszahlen dürfen sich Angehörige verschiedener Haushalte demnach in Innenräumen nicht mehr treffen, wie der Londoner Bürgermeister Sadiq Khan am Donnerstag bekannt gab. Auch Treffen in Pubs oder Restaurants sind nicht erlaubt, während sie in Grünanlagen gestattet bleiben. Schulen und der Einzelhandel bleiben geöffnet.

Millionen Bewohner Nordenglands warten darauf, zu erfahren, ob sie unter die strengsten Corona-Regeln fallen. Für Liverpool wurden diese bereits angeordnet. Seit dieser Woche gibt es in Großbritannien ein dreistufiges Corona-Warnsystem.

An dieser Stelle finden Sie Inhalte von Drittanbietern Um mit Inhalten von Drittanbietern zu interagieren oder diese darzustellen, brauchen wir Ihre Zustimmung. Externe Inhalte aktivieren

In Spanien verzeichnen die Behörden mehr als 13.300 Neuinfektionen. Die Gesamtzahl der nachgewiesenen Ansteckungen steigt damit auf 921.374. Die Zahl der Todesfälle in Zusammenhang mit dem Virus steigt laut Gesundheitsministerium um 140 auf 33.553. Die Region Katalonien bereitet sich darauf vor, Bars und Restaurants zu schließen, um so eine Verbreitung des Virus einzudämmen.

Anzeige

In Frankreich haben die Gesundheitsbehörden 30.621 Neuinfektionen binnen 24 Stunden registriert. Seit Beginn der Pandemie verzeichnen die Behörden insgesamt 809.684 Infektionen. Die Zahl der Todesfälle stieg um 88 auf 33.125. Dies betrifft Patienten, die in Kranken- oder Pflegeheimen gestorben sind und bei denen das Virus nachgewiesen wude.

Die Zahl der registrierten Neuinfektionen binnen 24 Stunden stieg am Mittwoch in Portugal mit 10,3 Millionen Einwohnern auf 2072 – das war der höchste Wert seit Beginn der Pandemie. Die Gesamtzahl der Fälle kletterte den amtlichen Angaben zufolge auf mehr als 91.000. Die Zahl der Menschen, die an Covid-19 starben, stieg um sieben auf 2117. Besonders betroffen sind der Norden und der Großraum Lissabon. Sorge bereitet vor allem die Tatsache, dass die Zahl der in Krankenhäusern behandelten Covid-19-Patienten in etwas mehr als einem Monat von gut 300 auf nun fast 1000 in die Höhe schoss.

An dieser Stelle finden Sie Inhalte von Drittanbietern Um mit Inhalten von Drittanbietern zu interagieren oder diese darzustellen, brauchen wir Ihre Zustimmung. Externe Inhalte aktivieren

Neun weitere US-Bundesstaaten verzeichnen Höchststände bei den Neuinfektionen. Wisconsin etwa meldet 3747 bestätigte Fälle binnen 24 Stunden. In einigen Gegenden des Bundesstaats sind nach Angaben der Behörden nur noch zehn Prozent der Intensivbetten in Kliniken frei. „Wir befinden uns an einem sehr kritischen Punkt“, erklärt Gouverneur Tony Evers.

Russland mit seinen 144,5 Millionen Einwohnern meldet einen Rekord an Neuinfektionen. Binnen der letzten 24 Stunden gibt es 14.231 weitere Coronavirus-Fälle. Die Gesamtzahl der Infektionen steigt damit auf 1,34 Millionen. Weitere 239 Menschen starben, wodurch sich die Zahl der Todesfälle auf 23.205 erhöht.

Brasiliens Gesundheitsministerium meldet 713 weitere Corona-Todesfälle und 28.523 Neuinfektionen binnen 24 Stunden. Insgesamt sind in dem Land damit bislang 152.460 Menschen im Zusammenhang mit dem Virus gestorben. Die Zahl der bestätigten Fälle kletterte auf 5.169.386.

In Südkorea sind 110 neue Infektionen mit dem Coronavirus registriert worden. Die Hälfte der Fälle stehe in Verbindung mit einem Krankenhaus in der Stadt Busan, teilte die südkoreanische Behörde für Krankheitskontrolle und -prävention am Donnerstag mit. In dem Land mit gut 51 Millionen Einwohner liegt die offizielle Zahl der Fälle damit bei fast 25.000.

Mindestens 54 der Neuinfektionen stünden mit dem Krankenhaus für Ältere in Verbindung. Mehr als 40 seien in der dicht bevölkerten Metropolregion Seoul verzeichnet worden, mit Verbindungen zu Krankenhäusern, Kirchen, Schule und Büros.

Alle aktuellen und weltweiten Entwicklungen zum Coronavirus können Sie in unserem Live-Ticker verfolgen.

Haben Sie Fragen zum Coronavirus? Hier finden Sie die wichtigsten Fakten und Informationen.","'Wolfgang Schmidbauer', 'Sven Felix Kellerhoff', 'Elke Bodderas'",1594329240,"Panorama,Daten, Karten, Grafiken",welt
Deutlicher Anstieg von Elektroautos und Plug-in-Hybriden,,,1594319693,"Wirtschaft,Neuzulassungen",welt
VW rettet die Elektro-Bilanz – und beerdigt den einzigen deutschen Superstar,"LOS ANGELES, CA - NOVEMBER 17: A Volkswagen e-Golf is presented during the four-day auto trade show AutoMobility LA at the Los Angeles Convention Center on November 17, 2016 in Los

Angeles, California. AutoMobility LA precedes the ten-day LA Auto Show, open to the public November 18-27. (Photo by David McNew/Getty Images)","Florian Gehm, Philipp Vetter",1594318182,"Wirtschaft,Neuzulassungen",welt
Die seltene Stillosigkeit des Renault-Chefs,"Fernando Alonso wird ab 2021 wieder für Renault an den Start gehen. Der Spanier freut sich bereits auf das Abenteuer und erklärt, worauf es in der Formel 1 wirklich ankommt.

Anzeige

Er kommt also tatsächlich zurück. Lange war darüber spekuliert worden, ob Fernando Alonso sich die Formel 1 noch einmal antut. Und ob es ein Team gibt, das sich den streitbaren Spanier noch mal antut. Am Mittwoch wurde es dann offiziell: Renault holt den 38-Jährigen zur Saison 2021, er bekommt einen Zweijahresvertrag mit der Option auf ein zusätzliches Jahr.

Es ist ein weiterer Versuch, die gute alte Zeit der Formel 1 wieder aufleben zu lassen. Wie vor ziemlich genau zehn Jahren, als Michael Schumacher nach vier Jahren Pause sein Comeback für Mercedes gab: Ein dritter Platz in drei Jahren war sein bestes Ergebnis mit den Silberpfeilen.

Allerdings war Schumi zum Zeitpunkt seines Comebacks 41 und vier Jahre raus, Alonso wird in knapp drei Wochen 39, wurde nach seinem McLaren-Abschied 2018 im Jahr darauf Langstrecken-Weltmeister und fuhr die Rallye Dakar.

Cyril Abiteboul macht keinen Hehl daraus, was er von seinem Fahrer Daniel Ricciardo hält Quelle: Getty Images/Mark Thompson

Anzeige

Der Mann aus Oviedo ist ein cleverer Hund, er weiß, dass es ihm heute nichts mehr bringt, eben diesen Schumacher 2005 und 2006 in dessen Blüte geschlagen und zwei Weltmeistertitel geholt zu haben. „Meine besten Erinnerungen in der Formel 1 mit den zwei Titeln sind mit Renault verknüpft“, sagt der Spanier, „aber jetzt schaue ich nach vorne. Ich habe Prinzipien und Ambitionen, die mit denen des Teams übereinstimmen.“ Alonso will um Siege kämpfen, bestenfalls um Titel.

Renault-Chef selten stillos

Für Renault gilt dasselbe, schon zum Selbstzweck: Rund 300 Millionen Euro pro Saison kostete das Formel-1-Projekt die Franzosen bislang, immer wieder kamen Gerüchte über einen Ausstieg auf. Teamchef Cyril Abiteboul sagt: „Die Verpflichtung von Fernando Alonso ist Teil des Plans der Renault-Gruppe, sich weiter zur Formel 1 zu bekennen und an die Spitze des Feldes zurückzukehren.“

Lesen Sie auch Mick Schumacher „Er ist in erster Linie immer mein Vater“

Abiteboul, der als gewiefter Hinterzimmertaktiker gilt, braucht Erfolge, wenn schon nicht auf der Strecke, dann wenigstens am Verhandlungstisch. Deshalb entschied er sich für die große Lösung mit Alonso, obwohl er sich nach WELT-Informationen zu Beginn der Corona-Pause auch immer wieder mit Nico Hülkenberg austauschte, der 2021 gerne wieder in die Formel 1 zurückkehren würde.

Fernando Alonso kehrt im kommenden Jahr in die Formel 1 zurück Quelle: REUTERS

Anzeige

2019 holte Abiteboul Siegfahrer Daniel Ricciardo von Red Bull, doch der Australier flüchtet völlig entnervt vom Stillstand bei Renault nach der Saison zu McLaren. Beide Seiten würden das Vertragsverhältnis lieber heute als morgen beenden: Ricciardo, weil vom von ihm versprochenen Fortschritt auch im zweiten Jahr nur sehr wenig zu sehen ist. Abiteboul, weil er jetzt Alonso hat – und weil er persönlich zutiefst beleidigt ist von Ricciardos Entscheidung, zu McLaren zu wechseln.

In der offiziellen Pressemitteilung zum Wechsel ließ sich Abiteboul selten stillos zitieren: „In unserem Sport sind gegenseitiges Vertrauen, Einigkeit und Einsatz für die Sache kritische Werte für ein Werksteam.“ Werte, die der Pariser Ricciardo zwischen den Zeilen abspricht. Nicht mal für die Abschiedsfloskel „Wir wünschen ihm für die Zukunft alles Gute“ hat es in dem Statement gereicht.

Vergiftete Atmosphäre droht

Das Karussell für die Saison 2021 hat also Fahrt aufgenommen. Alonso zu Renault, Ricciardo von Renault zu McLaren, wo er Carlos Sainz ersetzt, der wiederum zu Ferrari wechselt. Heißt auch: Renault muss die gesamte Saison über mit der vergifteten Atmosphäre um seinen Topfahrer leben, genau wie McLaren müssen die Franzosen zudem einen ihrer Fahrer immer ausschließen, wenn es um die Planungen für die neue Saison geht.

Anzeige

Keines der beteiligten Teams hätte ein Problem damit, die Deals jetzt schon durchzuziehen, es gibt sogar immer wieder Spekulationen, wonach Alonso schon in dieser Saison in freien Trainingseinheiten für Renault fahren könnte. Abiteboul verneint das zwar bislang, er sagt aber auch: „Wir haben immer die Möglichkeit, ihn in einem 2018er-Auto testen zu lassen.“ Auch ein Besuch in der Fabrik in Enstone ist schon geplant: „Seine Ankunft wird die Motivation unter den Mitarbeitern noch stärken.“ Warum also tauscht man die Cockpits nicht einfach früher?

An dieser Stelle finden Sie Inhalte aus Twitter Um mit Inhalten aus Twitter und anderen sozialen Netzwerken zu interagieren oder diese darzustellen, brauchen wir Ihre Zustimmung. Soziale Netzwerke aktivieren

Hier kommt Sebastian Vettel ins Spiel. Der 33-Jährige hat zum Saisonstart in Spielberg mit Platz zehn und einem bösen Verbremser, der zu einem Dreher führte, ein Debakel erlebt und danach kein gutes Haar an seinem Boliden gelassen. Er sei froh gewesen, dass es nur bei dem einen Dreher blieb: „Speziell auf der Hinterachse war das Auto sehr instabil.“ Doch wer Vettel kennt, weiß: Egal, wie schlecht das Auto zu fahren ist, niemals würde er aufgeben und aus einem laufenden Vertrag aussteigen. Dafür ist der Heppenheimer viel zu prinzipientreu.

Vettel liebäugelt mit Red Bull

Auf der Pressekonferenz am Donnerstag wollte Vettel auch eine Rückkehr zu Red Bull nicht ausschließen. Auf die Frage, ob er eventuell ein Angebot seines früheren Rennstalls annehmen würde, sagte er: „Wahrscheinlich wäre die Antwort: ja.“

Zuvor erläuterte der 33-Jährige, dass er das Team noch „sehr gut“ aus seiner Vergangenheit kenne. Auch ein potenzieller Zweikampf mit Max Verstappen als Stallrivale würde ihn nicht einschüchtern. „Ich bin generell der Überzeugung, dass, wenn man gewinnen will, jeden schlagen muss“, sagte Vettel, der von 2010 bis 2013 alle WM-Titel mit Red Bull gewann.

Sebastian Vettel macht sich derzeit viele Gedanken über seine Zukunft in der Formel 1 Quelle: AP/Bryn Lennon

Vettel hat nicht mehr viele Optionen auf ein Cockpit für 2021. Auch eine Pause oder ein Karriereende schließt er weiter nicht aus. „Ich denke, es gibt keine Neuigkeiten. Ich weiß noch nicht, was passieren wird“, sagte er. In den „nächsten Wochen und Monaten“ werde man weiter sehen. „Ich nehme mir die Zeit, die ich brauche.“

Für den Moment allerdings scheint er vom Karussell zu fallen, einzig auf einen Sitz bei Mercedes besteht leise Hoffnung, wenn Lewis Hamilton oder Valtteri Bottas überraschend doch nicht bei Silber bleiben.","Lennart Wermke, Jens Nagler, Helmut Uhl",1594317754,"Formel 1,Alonso-Rückkehr",welt
Bayern darf zu Hause ran – So geht es in der Champions League weiter,"Der FC Bayern darf das Achtelfinal-Rückspiel in der Champions League gegen den FC Chelsea im August daheim in München austragen. Auch für die weiteren Runden gibt es nun einen Plan.

Anzeige

Der FC Bayern München kann in der Champions League sein Achtelfinal-Rückspiel gegen den FC Chelsea in der heimischen Allianz-Arena bestreiten. Die Europäische Fußball-Union (Uefa) entschied am Donnerstag, dass in dem im März wegen der Corona-Krise ausgesetzten Wettbewerb das Heimrecht in den insgesamt noch vier ausstehenden Achtelfinalpartien bestehen bleibt.

Das gilt auch für die Europa League. Damit tritt Bayer Leverkusen daheim gegen die Glasgow Rangers an, Eintracht Frankfurt muss zum FC Basel reisen und der VfL Wolfsburg zu Schachtjor Donezk. Die Finalturniere beider Wettbewerbe finden in Lissabon beziehungsweise Nordrhein-Westfalen ohne Zuschauer statt.

Die Bayern hatten ihr Hinspiel Ende Februar in London gegen Chelsea mit 3:0 gewonnen. „Wir wollen gucken, dass wir top vorbereitet sind, auch wenn sich ein 3:0-Vorsprung gut anhört“, hatte Trainer Hansi Flick zu Wochenbeginn zur zweiten Partie gegen den Klub aus der englischen Premier League erklärt. Die Achtelfinal-Rückspiele werden am 7./8. August ausgetragen.

Lesen Sie auch Joshua Kimmich „Ich stehe für meine Meinung ein. So wurde ich erzogen“

Für Real Madrid und Barcelona wird es spannend

Anzeige

Manchester City geht mit einem 2:1-Vorsprung gegen Real Madrid in die entscheidende zweite Partie. Olympique Lyon hatte sein Heimspiel gegen Juventus Turin mit 1:0 gewonnen. Der FC Barcelona erzielte im Hinspiel beim SSC Neapel ein 1:1. Bereits qualifiziert für das Viertelfinale sind der Bundesligist RB Leipzig sowie Atlético Madrid, Paris Saint-Germain und Atalanta Bergamo.

Der Champions-League-Sieger soll wegen der Coronavirus-Pandemie ausnahmsweise in einem Endturnier vom 12. bis 23. August in Lissabon ermittelt werden. Viertelfinale und Halbfinale werden dabei jeweils in einem Spiel ausgetragen. „Wir wissen, dass solche One-Act-Spiele nicht ganz so einfach sind. Du musst auf den Punkt fit sein“, sagte Flick zum Modus. Das Endspiel ist auf den 23. August terminiert.

Verteilt werden die insgesamt sieben Partien auf die Stadien der portugiesischen Erstligisten Benfica Lissabon und Sporting Lissabon. Titelverteidiger FC Liverpool war vor der Corona-Zwangspause im Achtelfinale gegen Atlético Madrid ausgeschieden.","'Karl-Heinz Rummenigge', 'Tobias Altschäffl', 'Julien Wolff', 'Rouven Chlebna'",1594316949,"Sport,Achtelfinale und Final-Turnier",welt
Irischer Finanzminister Donohoe wird Chef der Euro-Gruppe,"Der irische Finanzminister Paschal Donohoe wird neuer Chef der Euro-Gruppe. Dies entschieden die 19 Staaten der Gemeinschaftswährung am Donnerstag in einer Videokonferenz, wie der scheidende Gruppenchef Mário Centeno auf Twitter mitteilte.

Anzeige

Mitten in der Corona-Wirtschaftskrise übernimmt der irische Finanzminister Paschal Donohoe den Vorsitz der Eurogruppe. Die 19 Staaten der Gemeinschaftswährung wählten den bürgerlichen Politiker am Donnerstag in einer Videokonferenz für zweieinhalb Jahre. Donohoe erklärte anschließend die wirtschaftliche Erholung von der Rezession zur Priorität. Viele Menschen in Europa hätten Angst um ihre Jobs und ihre Einkommen, sagte er.

Donohoe folgt auf den Portugiesen Mario Centeno, der das Amt nach zweieinhalb Jahren abgibt. Der 45 Jahre alte Ire setzte sich überraschend gegen zwei Mitbewerber durch: die Spanierin Nadia Calviño und den Luxemburger Pierre Gramegna. Calviño galt als Favoritin. Auch Bundesfinanzminister Olaf Scholz hatte Sympathie für die Sozialistin erkennen lassen.

Nach der Wahl lobte Scholz aber, Donohoe habe bisher gute Arbeit geleistet. Er sei sicher, dass sich die Eurogruppe nun aufs Wesentliche konzentrieren werde, nämlich die wirtschaftliche Erholung, sagte der SPD-Politiker.

Anzeige

Die Euro-Gruppe ist ein informelles Gremium der Wirtschafts- und Finanzminister aus den 19 Staaten der Währungszone. Sie beraten normalerweise einmal im Monat und koordinieren sich in Fragen der Wirtschafts- und Finanzpolitik. Der oder die Vorsitzende gilt als einflussreicher Koordinator und Wortführer.

An dieser Stelle finden Sie Inhalte aus Twitter Um mit Inhalten aus Twitter und anderen sozialen Netzwerken zu interagieren oder diese darzustellen, brauchen wir Ihre Zustimmung. Soziale Netzwerke aktivieren

Der 45-jährige Donohoe gehört der bürgerlichen Partei Fine Gael an und ist seit Juni 2017 Finanzminister seines Landes. Er hatte die Unterstützung der christdemokratischen Parteienfamilie Europäische Volkspartei (EVP). Der verheiratete Vater zweier Kinder hat einen Abschluss in Politik und Wirtschaft.

Lesen Sie auch Kanzlerin in Brüssel Merkel überrascht Europa mit einer klaren Ansage

Donohoe gehört der bürgerlichen Partei Fine Gael an und ist seit Juni 2017 Finanzminister seines Landes. Er hatte die Unterstützung der christdemokratischen Parteienfamilie Europäische Volkspartei. Der verheiratete Vater zweier Kinder hat einen Abschluss in Politik und Wirtschaft.

Anzeige

Die Rezession wegen der Pandemie ist die tiefste in der Geschichte der Europäischen Union und der 2002 als Zahlungsmittel eingeführten Gemeinschaftswährung. Nach der jüngsten Prognose der EU-Kommission wird die Wirtschaftsleistung der Eurozone dieses Jahr um 8,7 Prozent schrumpfen und sich nächstes Jahr nur teilweise erholen.

Der scheidende Vorsitzende Centeno äußerte jedoch die Hoffnung, dass die erwogenen Konjunkturhilfen das Schlimmste abwenden können: „Ich erwarte, dass diese politische Antwort das Schicksal verändert und uns hilft, den Schlag abzufedern und den Binnenmarkt zu schützen.“

EU-Kommissionsvize Valdis Dombrovskis sagte Donohoe seine Unterstützung zu. „Sie übernehmen das Eurogruppen-Schiff als Kapitän unter sehr stürmischen Bedingungen“, erklärte Dombrovskis. Er sei aber sicher, dass Donohoe das Ruder geschickt führen werde. Irlands Ex-Premierminister und Fine-Gael-Chef Leo Varadkar bezeichnete die Wahl Donohoes als „fantastisches Ergebnis für Europa und Irland“.

Anzeige

Enttäuscht äußerte sich die Fraktionschefin der Sozialdemokraten im Europaparlament, Iratxe García. Es sei eine „verpasste Chance“, dass nicht eine starke Frau wie Calviño die Eurogruppe führe.

Der Grünen-Europapolitiker Sven Giegold schrieb auf Twitter über Donohoes Wahl: „Ein schlechtes Signal für den Kampf gegen Steuerdumping: Ein Steueroasenbetreiber wird Eurogruppenchef. Jeder verdient eine Chance, aber er steht unter besonderer Beobachtung.“ Irland hatte mit sehr günstigen Steuersätzen in den vergangenen Jahren unter anderen große US-Techkonzerne angelockt.","'Tobias Kaiser', 'Virginia Kirst', 'Robin Alexander'",1594315670,"Ausland,Überraschende Wahl",welt
Der mächtigste Player im globalen Kampf um den Impfstoff,"Derzeit sind weltweit mehr als 155 Covid-Impfstoffe in Entwicklung, 23 davon werden an Menschen getestet. In Russland werden Fortschritte bei der Impfstoffentwicklung im staatlichen Fernsehen gezeigt. Es sollen bereits zwei Testrunden an Soldaten stattgefunden haben. Auch in China soll Ende Juni ein eigener Impfstoff für das Militär zugelassen worden sein. Doch der wahre mächtige Player ist ein anderer: Indien. Denn wer auch immer den Impfstoff findet – um ihn kosteneffizient zu produzieren, führt kein Weg an Indien vorbei.",Christina zur Nedden,1595089035,"Ausland,Indien",welt
Viele Anwohner haben genug von Touristen und Ausflüglern,,,1595693541,"Panorama,Heimaturlaub",welt
Dutzende Bundespolizisten wegen schwerwiegender Verstöße vom Dienst suspendiert,,,1595693527,"Politik,Behörden",welt
Trennung zwischen Arbeit und Privatem fehlt oft im Homeoffice,,,1595693090,"Wirtschaft,Arbeiten von Zuhause",welt
Darum kann auch ein Mückenstich gefährlich werden,,,1595693078,"Wissenschaft,Plage in Brandenburg",welt
Repetiergewehre vernichteten die konföderierte Kavallerie,"Anzeige

Der Amerikanische Bürgerkrieg wird oft als erster totaler Krieg des Maschinenzeitalters bezeichnet. Das gilt nicht nur für die Mobilisierung von mehr als zwei Millionen Soldaten (und zahllosen Zivilisten), sondern auch für die eingesetzte Technik. Mörser, Kanonen und Schnellfeuergeschütze aus Stahl und mit gezogenem Lauf, Minen, Ballone, Dampf- und Panzerkreuzer kamen zum Einsatz, vom Norden in Massen, vom Süden oft nur in wenigen Exemplaren hergestellt oder erbeutet.

Szenen der totalen Zerstörung 1 von 13 Von Charleston (South Carolina) hatte die Sezession des Südens 1860 ihren Ausgang genommen. Fünf Jahre später war die Stadt ein Trümmermeer. Quelle: Archiv 2 von 13 Ulysses S. Grant (1822-1885), entwickelte beim Kampf um die Mississippi-Festung Vicksburg 1863 das Konzept des totalen Krieges. Quelle: Getty Images 3 von 13 Sein wichtigster Mitarbeiter wurde William T. Sherman (1820-1891), der Georgia und North und South Carolina verwüstete. Quelle: AP/DAPD 4 von 13 Shermans Soldaten perfektionierten die Strategie der verbrannten Erde. Quelle: Archiv 5 von 13 ""Wir bekämpfen nicht nur feindliche Armeen, sondern auch eine feindliche Bevölkerung"", begründete Sherman die Vernichtung Atlantas. Quelle: Archiv 6 von 13 Auch Columbia, die Hauptstadt South Carolinas, sollte dieses Schicksal erleiden. Quelle: Archiv 7 von 13 Währenddessen legte Grant bei der Belagerung von Petersburg Schützengräben an, die das Grauen des Ersten Weltkriegs vorwegnahmen. Quelle: Archiv 8 von 13 Phil Sheridan (1831-1888) zog derart durch das Shenandoah-Tal, dass ein ""Vogel, der darüber fliegt, seinen Proviant mitnehmen muss"". Quelle: picture alliance / united archiv/united archives / WHA 9 von 13 Die konföderierte Hauptstadt Richmond fiel am 2. April 1865 in die Hände der Unions-Armee Quelle: Archiv 10 von 13 Die Konföderierten versuchten, die Stadt anzuzünden – hier die Ruinen der Haxall-Mühlen. Quelle: picture-alliance / akg-images/akg 11 von 13 Auch die Gegend um das Arsenal erinnert an Bilder des Bombenkriegs 1945. Quelle: picture-alliance //Newscom 12 von 13 Der Süden war vollständig ruiniert und sollte in weiten Teilen erst ... Quelle: picture-alliance //Newscom 13 von 13 ... in der Konjunktur des Zweiten Weltkriegs zum Norden aufschließen. Quelle: picture-alliance //Newscom

Umso erstaunlicher ist die Tatsache, dass sich die Infanterie beider Seiten vor allem mit einschüssigen Vorderladergewehren bekämpfte. Dabei waren mehrschüssige Hinterlader längst erfunden. Mit ihrer überlegenen Feuerkraft brach die Kavallerie der Union am 11. Mai 1864 bei Yellow Tavern in Virginia endgültig die Überlegenheit ihrer konföderierten Gegner.

Bei Kriegsausbruch 1861 war die Reiterei die Waffengattung gewesen, mit der die Konföderation die Union um Klassen übertraf, in der Quantität nicht unbedingt, wohl aber in der Qualität. Ihre auf den Plantagen und Ranchen des Südens aufgewachsenen Soldaten wussten sich auf dem Rücken der Pferde ganz anders zu bewegen als die Nordstaatler, die aus Städten oder von kleinen Farmen in die Rekrutierungsbüros drängten. Und was für die Reiter galt, galt mehr noch für die Pferde.

James Ewell Brown „Jeb“ Stuart (1833-1864) führte die Kavallerie der konföderierten Nord-Virginia-Armee Quelle: Getty Images

Anzeige

Zudem verfügte der Süden über militärische Führer, die dieses Potenzial innovativ einsetzten. Nathan Bedford Forrest, ein wohlhabender Plantagenbesitzer aus Tennessee, entwickelte die Taktik des schnellen Raids zur Perfektion. Unvermutet tauchten seine Leute tief im Hinterland der Union auf, wobei sie ihre Reittiere vor allem zum schnellen Vormarsch gebrauchten, vor Ort aber zu Fuß kämpften. Immer wieder gelang es Forrest, den Nachschub der Union empfindlich zu stören.

Vom gleichen Kaliber war James Ewell Brown „Jeb“ Stuart. Als Absolvent der Militärakademie von West Point war er zur Kavallerie gegangen und hatte 1861 sein Hauptmannspatent zurückgegeben, nachdem sein Heimatstaat Virginia aus der Union ausgetreten war. Schnell stieg er in der konföderierten Armee zum Divisionskommandeur und General der Reiterei unter Robert E. Lee auf, der mit der Nord-Virginia-Armee die wichtigste Feldtruppe des Südens kommandierte. Mehrmals hatte Stuart die Reiterei des Nordens düpiert, indem er Nachschubdepots und -züge zerstörte und die Bewegungen von Lees Soldaten geschickt verschleierte.

Blaue und graue Generäle 1 von 19 US-Präsident Abraham Lincoln (mit Zylinder mit George B. McClellan ) zog als militärischer Laie zahlreiche Nieten. Quelle: picture alliance / Everett Colle/Everett Collection 2 von 19 Ulysses S. Grant (1822-1885) wurde 1864 zum Oberkommandierenden aller Unionstruppen ernannt. Seine Strategie führte den Norden zum Sieg. Quelle: picture alliance / Everett Colle/Everett Collection 3 von 19 William Tecumseh Sherman (1820-1891) eroberte mit drei Armeen Atlanta und perfektionierte die Strategie der verbrannten Erde. Quelle: picture alliance / Everett Colle/Everett Collection 4 von 19 Philip Sheridan (1831-1888) führte die Kavallerie der Potomac-Armee auf dem östlichen Kriegsschauplatz. Quelle: picture alliance / united archiv/united archives / WHA 5 von 19 George B. McClellan (1826-1885; r. mit Abraham Lincoln) war ein glänzender Organisator, aber ein furchtsamer Feldherr. Quelle: picture alliance / Everett Colle/Everett Collection 6 von 19 Das Hauptquartier von Joseph Hooker (1814-1879) war ein Ort, von dem sich ein sittsamer Mann tunlichst fernhielt. Quelle: picture-alliance //Newscom 7 von 19 Auch Ambrose Everett Burnside (1824-1881) erwies sich dem Südstaatler Robert E. Lee als klar unterlegen. Quelle: picture-alliance / newscom / Pi/Newscom 8 von 19 George Gordon Meade (1815-1872) schlug Lee im Juli 1863 bei Gettysburg und brach damit die Offensivkraft des Südens. Quelle: picture-alliance / newscom / Pi/Newscom 9 von 19 Konteradmiral David Farragut (1801-1870) eroberte 1862 New Orleans und blockierte die Mississippi-Mündung. Quelle: picture-alliance / imagestate/HI/The Print Collector / Heritage-I 10 von 19 George Armstrong Custer (1839-1876) führte eine Kavallerie-Division unter Sheridan und fiel später am Little Big Horn gegen die Sioux. Quelle: picture-alliance / newscom / Pi/Newscom 11 von 19 Der konföderierte Präsident Jefferson Davis (1808-1889) brachte als ehemaliger Kriegsminister militärische Erfahrung mit. Quelle: picture-alliance / (c) Illustrat/Mary Evans Picture Library 12 von 19 Robert E. Lee (1807-1870), Kommandeur der Nord-Virginia-Armee, galt und gilt im Norden und Süden als bester Stratege. Quelle: picture alliance / landov/MCT 13 von 19 Thomas ""Stonewall"" Jackson (1824-1863) bewegte seine Infanteristen schneller, als die Yankees reiten konnten. Quelle: picture alliance / Everett Colle/Everett Collection 14 von 19 James Longstreet (1821-1904) galt als Lees ""Arbeitspferd"". Quelle: picture-alliance / (c) Illustrat/Mary Evans Picture Library 15 von 19 George Edward Pickett (1825-1875), einer von Longstreets Divisionskommandeuren, führte den gescheiterten Angriff bei Gettysburg. Quelle: picture-alliance / newscom / Pi/Newscom 16 von 19 James Ewell ""Jeb"" Stuart (1833-1864) kommandierte Lees Kavallerie und fiel gegen Sheridan. Quelle: picture-alliance / akg-images/akg 17 von 19 Braxton Bragg (1817-1876) führte Armeen auf dem westlichen Kriegsschauplatz, konnte sich aber nicht gegen Grant halten. Quelle: picture-alliance / newscom / Pi/Newscom 18 von 19 Nathan Bedford Forrest (1821-1877) führte mit unorthodoxen Methoden spektakuläre Kavallerie-Raids hinter die Linien der Union. Quelle: Wikipedia/Public Domain 19 von 19 Am 9. April 1865 verhandelten Grant und Lee im Haus von Wilmer McLean die Kapitulation der Nord-Virginia-Armee. Quelle: picture alliance / Everett Colle/Everett Collection

Mit den kniehohen Kavalleriestiefeln, den Stulpenhandschuhen, die bis zum Ellbogen reichten, einem rot gesäumten Cape mit gelber Schärpe und einem Filzhut mit hochgesteckter Krempe und Straußenfedern wirkte Jeb Stuart haargenau wie der schneidige Kavalier, der er sein wollte, schreibt der amerikanische Bürgerkriegsspezialist James M. McPherson. Zugleich war er ein exzellenter Aufklärer, der maßgeblich zu den Erfolgen Lees in den ersten Kriegsjahren beitrug. Was seine Abwesenheit bedeutete, zeigte sich im Juli 1863 bei Gettysburg, als Stuart fern von Lees Armee operierte und diese ohne Vorstellung von der Aufstellung des Gegners angriff und schwer geschlagen wurde.

Anzeige

Im Frühjahr 1864 plante der zum Oberkommandierenden aller Unionstruppen beförderte Ulysses S. Grant die entscheidende Offensive gegen den Süden. Das Ziel war die konföderierte Hauptstadt Richmond in Virginia. Am 5. Mai überquerte die blaue Potomac-Armee mit mehr als 100.000 Mann den Grenzfluss Rapidan. In der Wilderness, einem Urwald westlich von Fredericksburg, und bei Spotsylvania kam es zu schweren Gefechten. Trotz großer Verluste verzichtete Grant auf einen Rückzug, sondern gab stattdessen seinem Reitergeneral Philip Sheridan den Befehl zu einem weiträumigen Vorstoß, um Lee aus seinen Stellungen zu locken.

Philip ""Little Phil"" Sheridan (1831-1888) stieg später zum Oberkommandierenden der US Army auf Quelle: picture-alliance / newscom / Pi

„Little Phil“ Sheridan hatte 1853, ein Jahr vor Stuart, West Point absolviert, war aber zunächst zur Infanterie gegangen. Seine Umsicht und seine Aggressivität hatten ihn schnell vom Quartiermeister zum Divisionskommandeur auf dem westlichen Kriegsschauplatz (Mississippital) gemacht, wo ihn Grant zum Chef seiner Reiterei beförderte. Als der 1864 an die Ostfront wechselte, übertrug er Sheridan das Kommando über das Kavalleriekorps der Potomac-Armee.

Während sich Grant und Lee im Norden Virginias belauerten, startete Sheridan seinen Vorstoß nach Süden. Im Gegensatz zu Stuart reichte dem 1,64 Meter großen General ein eigenwilliger Hut als Ausweis kavalleristischer Exzentrik. Stattdessen setzte er auf die Möglichkeiten der nordstaatlichen Rüstungsindustrie, die inzwischen Repetiergewehre in großer Zahl produzieren konnte.

Spencer-Karabiner Modell 1865 mit Kaliber .50 inch (1,27 Zentimeter) Quelle: Wikipedia/Public Domain

Anzeige

Die wichtigsten Typen waren der Spencer-Karabiner und das Henry-Rifle. Mit 15 Patronen war dessen Schussfolge dem Spencer-Gewehr deutlich überlegen. Dieses jedoch punktete mit einem geringeren Gewicht, einer stärkeren Durchschlagskraft und einer robusteren Mechanik. Ab 1863 wurden die Kavallerieeinheiten der Union mit der Waffe ausgerüstet, während der Süden bis zum Ende des Krieges nicht in der Lage war, überhaupt entsprechende Patronen zu produzieren.

Sheridan und seine 10.000 Reiter gaben sich nicht die Mühe, ihren Vormarsch geheim zu halten. Sein Plan war es, Stuarts Kavallerie zum Angriff zu provozieren und damit vor seine Spencer-Mehrschüsser zu locken. Die blaue Reitertruppe, die größte, die bis dahin eingesetzt worden war, erstreckte sich auf dem Marsch über ein Dutzend Meilen. Am 9. Mai erreichte sie die konföderierte Nachschubbasis Beaver Dam, wo Sheridans Leute umgehend darangingen, Gleise und Proviant für mehrere Wochen zu zerstören. Zudem wurden einige Hundert gefangene Unionssoldaten befreit.

Mit 4500 Mann setzte Stuart Sheridan nach und konnte sich zwischen ihn und Richmond schieben. Am 11. Mai trafen die beiden Armeen schließlich bei Yellow Tavern, nur gut zehn Kilometer nördlich der konföderierten Hauptstadt, aufeinander. Wie es inzwischen üblich geworden war, saßen die Reiter ab und kämpften zu Fuß. Drei Stunden lang hielten die Südstaatler dem übermächtigen Feuer der Unionstruppen stand.

Um ihre Linien nicht dem Geschosshagel auszusetzen, verwickelten die Südstaatler ihre Gegner in Gefechte auf engstem Raum. Dabei gelang es einem Unionssoldaten, sich Stuart auf Pistolenschussweite zu nähern. Der General mit der Feder am Hut brach zusammen, am Tag darauf erlag er seinen Verwundungen. Mit ihm verlor der Süden einen seiner größten Kriegshelden.

Lesen Sie auch Sezessionskrieg Als die Demokratie den totalen Krieg erfand

Bei Yellow Tavern hatte Sheridan gezeigt, dass das Konzept des Maschinenkrieges auch auf die Kavallerie übertragen werden konnte, die bis dahin noch die Aura der Ritterlichkeit umgab. Nachdem er das Hinterland Virginias erfolgreich verwüstet hatte, erhielt er von Grant das Kommando über die neu geschaffene Shenandoah-Armee mit dem Auftrag, das gleichnamige Tal zu einer Wüste zu machen, während die Potomac-Armee vor Richmond einen Stellungskrieg führte, der das Grauen des Ersten Weltkriegs vorwegnahm.

Europas Militärs erkannten allerdings nicht, dass diese Form der Kriegsführung auch ihnen bald bevorstehen würde.

Stuarts Grab bei Yellow Tavern Quelle: picture-alliance / newscom / Pi

Sie finden „Weltgeschichte“ auch auf Facebook. Wir freuen uns über ein Like.

Anzeige

Dieser Artikel wurde erstmals im Mai2019 veröffentlicht.",Berthold Seewald,1595862000,"Geschichte,Amerikanischer Bürgerkrieg",welt
AfD attackiert Hamburgs Verfassungsschutzchef,,Martin Fischer,1595861846,"Hamburg,„Flügel“-Mitglieder in der Partei?",welt
